<?xml version="1.0" encoding="ISO-8859-1" ?>
<gatein-resources xmlns:xsi="http://www.w3.org/2001/XMLSchema-instance"
    xsi:schemaLocation="http://www.gatein.org/xml/ns/gatein_resources_1_3 http://www.gatein.org/xml/ns/gatein_resources_1_3"
    xmlns="http://www.gatein.org/xml/ns/gatein_resources_1_3">

    <module>
        <name>qs_dropdown</name>
        <script>
            <path>/js/dropdown.jquery.js</path>
        </script>
        <depends>
            <module>jquery</module>
            <as>jQuery</as>
        </depends>
    </module>

    <module>
        <name>qs_navigation</name>
        
        <script>
            <path>/js/navigation.js</path>
        </script>
        
        <depends>
            <module>jquery</module>
            <as>jQuery</as>
        </depends>

        <depends>
            <module>qs_dropdown</module>
        </depends>

    </module>

    <portlet-skin>
        <application-name>navigation-api-portlet</application-name>
        <portlet-name>QuickstartNavigationPortlet</portlet-name>
        <skin-name>Default</skin-name>
        <css-path>/css/QuickstartStylesheet.css</css-path>
    </portlet-skin>

    <portlet>
        <name>QuickstartNavigationPortlet</name>

        <module>
            <depends>
                <module>qs_navigation</module>
            </depends>

            <depends>
                <module>qs_dropdown</module>
            </depends>

            <depends>
                <module>jquery</module>
                <as>jQuery</as>
            </depends>
        </module>
    </portlet>

</gatein-resources>
