<?xml version="1.0" encoding="UTF-8"?>
<portlet-app xmlns="http://java.sun.com/xml/ns/portlet/portlet-app_2_0.xsd" version="2.0"
    xmlns:xsi="http://www.w3.org/2001/XMLSchema-instance" xsi:schemaLocation="http://java.sun.com/xml/ns/portlet/portlet-app_2_0.xsd
   http://java.sun.com/xml/ns/portlet/portlet-app_2_0.xsd">
    <portlet>
        <description>Quickstart Navigation Portlet</description>
        <portlet-name>QuickstartNavigationPortlet</portlet-name>
        <display-name>Quickstart Navigation Portlet</display-name>
        <portlet-class>org.gatein.portlet.quickstart.navigation.NavigationPortlet</portlet-class>

        <supports>
            <mime-type>text/html</mime-type>
            <portlet-mode>view</portlet-mode>
        </supports>
        <supported-locale>en</supported-locale>
        <resource-bundle>locale.portlet.quickstart.navigation</resource-bundle>
        <portlet-info>
            <title>GateIn Quickstart Navigation Portlet</title>
            <short-title>Navigation Portlet</short-title>
        </portlet-info>
    </portlet>
</portlet-app>
